model,date,mean,lower,upper,ci_level,forecast_date
ensemble,2020-03-01,0.55023463467217,-0.8615915462211607,7.072013107637427,95,2020-03-01
ensemble,2020-03-02,1.9266053778773027,-0.5843589670129219,10.345401387721184,95,2020-03-01
ensemble,2020-03-03,2.4143488865354548,-0.5392773428571918,12.093437851758276,95,2020-03-01
ensemble,2020-03-04,2.162378687408923,-0.5543813217864393,11.113699855161364,95,2020-03-01
ensemble,2020-03-05,0.848040182112187,-0.7951890162933309,7.632465029040428,95,2020-03-01
ensemble,2020-03-06,0.8277619944408924,-0.8030764248043835,7.67745636265647,95,2020-03-01
ensemble,2020-03-07,0.7949121739752034,-0.8143287000792208,7.723867611431866,95,2020-03-01
ensemble,2020-03-08,2.209185674376881,-0.6491205777105843,12.940072093111896,95,2020-03-01
ensemble,2020-03-09,1.630712828852058,-0.7085802236307613,10.331092506190906,95,2020-03-01
ensemble,2020-03-10,1.6435370317857678,-0.7080723684720012,10.399804915424017,95,2020-03-01
ensemble,2020-03-11,1.6565081005217934,-0.7075758709060544,10.469723411914746,95,2020-03-01
ensemble,2020-03-12,2.0846293369931175,-0.6563853722513256,12.275220866534603,95,2020-03-01
ensemble,2020-03-13,2.133797314300418,-0.652913649149781,12.512647387201563,95,2020-03-01
ensemble,2020-03-14,2.179814751624559,-0.6498216309239044,12.73650238081848,95,2020-03-01
ensemble,2020-03-15,796.0191325824292,87.2415926303151,3267.349949708191,95,2020-03-15
ensemble,2020-03-16,1018.8999700955088,71.11253949187693,4894.448486660429,95,2020-03-15
ensemble,2020-03-17,1318.6338266276289,59.086005065010184,7368.572549245632,95,2020-03-15
ensemble,2020-03-18,1728.7237656213701,49.87755651657544,11201.9506625757,95,2020-03-15
ensemble,2020-03-19,2298.4092359027823,42.63744594033975,17237.307654917757,95,2020-03-15
ensemble,2020-03-20,3100.1407663256177,36.814690330890485,26876.613205324815,95,2020-03-15
ensemble,2020-03-21,4240.544642027331,32.04352703251051,42475.49392950419,95,2020-03-15
ensemble,2020-03-22,5876.465411559786,28.07313446984476,68026.61121415069,95,2020-03-15
ensemble,2020-03-23,8238.37751353366,24.72607558256369,110350.13988646715,95,2020-03-15
ensemble,2020-03-24,11664.464787093188,21.873299078605154,181179.0378646404,95,2020-03-15
ensemble,2020-03-25,16650.106689299526,19.41875596506245,300831.79125915,95,2020-03-15
ensemble,2020-03-26,23919.564530894557,17.289516028296504,504716.7163630685,95,2020-03-15
ensemble,2020-03-27,34529.58684350407,15.429251662361892,854913.5382761308,95,2020-03-15
ensemble,2020-03-28,50018.81246608592,13.793812116132576,1460906.123216564,95,2020-03-15
ensemble,2020-04-01,4957.472454848069,932.6719683227,16405.13785939902,95,2020-04-01
ensemble,2020-04-02,5936.3808949541335,872.9044751472442,22381.14207143753,95,2020-04-01
ensemble,2020-04-03,7112.400006474691,824.6668429243432,30285.915155398707,95,2020-04-01
ensemble,2020-04-04,8526.747272507138,783.5492025620209,40779.8482185072,95,2020-04-01
ensemble,2020-04-05,10229.287952380542,746.7864075838378,54766.57896962622,95,2020-04-01
ensemble,2020-04-06,12280.307125123403,712.6099367457786,73485.24516782592,95,2020-04-01
ensemble,2020-04-07,14752.632503707735,679.8812171355074,98641.21334177893,95,2020-04-01
ensemble,2020-04-08,17734.17499615657,647.8713660140639,132592.07703961863,95,2020-04-01
ensemble,2020-04-09,21330.966356693254,616.1247402648522,178613.62386479636,95,2020-04-01
ensemble,2020-04-10,25670.787853527858,584.3722616405174,241282.24068690417,95,2020-04-01
ensemble,2020-04-11,30907.50106745415,552.4759564817331,327027.93848281057,95,2020-04-01
ensemble,2020-04-12,37226.212179292605,520.3929843744252,444938.9428869883,95,2020-04-01
ensemble,2020-04-13,44849.424935310424,488.151877092903,607939.4169995254,95,2020-04-01
ensemble,2020-04-14,54044.365519425366,455.83649781433576,834523.794985361,95,2020-04-01
ensemble,2020-04-15,7432.622844133242,1655.5255441873674,22367.26059608488,95,2020-04-15
ensemble,2020-04-16,8638.88008127561,1509.17324904203,29753.594526504512,95,2020-04-15
ensemble,2020-04-17,9654.231432354652,1331.5716512212675,37525.3467022679,95,2020-04-15
ensemble,2020-04-18,11377.289739982982,1229.9854220203508,49718.252039073,95,2020-04-15
ensemble,2020-04-19,13078.773142593509,1106.437723122992,63608.91509794989,95,2020-04-15
ensemble,2020-04-20,15044.013560341915,989.9898852322196,81002.39597775076,95,2020-04-15
ensemble,2020-04-21,17309.5734278832,879.9392446803698,102812.11318692024,95,2020-04-15
ensemble,2020-04-22,12095.647150835026,1.173896367092205,94353.74796814099,95,2020-04-15
ensemble,2020-04-23,38782.48937637946,745.09932673425806,303326.97528674634,95,2020-04-15
ensemble,2020-04-24,16093.460018988686,56.58774039802671,147776.38675497303,95,2020-04-15
ensemble,2020-04-25,48213.61596772513,542.3955302212303,436634.4057342047,95,2020-04-15
ensemble,2020-04-26,34766.959590625556,431.68402902176064,332639.60517861944,95,2020-04-15
ensemble,2020-04-27,39894.2832025021,364.5102272386384,420919.1863046828,95,2020-04-15
ensemble,2020-04-28,45738.30219007717,305.05190704893255,533223.214613954,95,2020-04-15
ensemble,2020-05-01,7138.3591286732935,1785.226340114295,20106.097375093377,95,2020-05-01
ensemble,2020-05-02,7969.6961534143575,1600.3494970184488,25537.086743625645,95,2020-05-01
ensemble,2020-05-03,8915.50905970922,1437.218878576316,32085.28605021779,95,2020-05-01
ensemble,2020-05-04,9989.40312119286,1287.9704550514032,39966.03715861815,95,2020-05-01
ensemble,2020-05-05,11206.238252358216,1148.9851228407433,49455.76742274246,95,2020-05-01
ensemble,2020-05-06,12582.256535785846,1018.7854799096567,60901.16436397984,95,2020-05-01
ensemble,2020-05-07,14135.22297229516,896.9555020791527,74733.14476060086,95,2020-05-01
ensemble,2020-05-08,15884.58081182254,783.5711442171655,91485.59918684821,95,2020-05-01
ensemble,2020-05-09,17851.622960228367,678.8933453365478,111819.54941767457,95,2020-05-01
ensemble,2020-05-10,20184.79416623548,584.1574592230389,137441.91145080543,95,2020-05-01
ensemble,2020-05-11,22534.33440286374,496.66067690096,166705.0062394776,95,2020-05-01
ensemble,2020-05-12,20186.79318451094,382.55474362445915,166030.4429914041,95,2020-05-01
ensemble,2020-05-13,29930.17721223955,353.3615243268318,261823.68573192626,95,2020-05-01
ensemble,2020-05-14,31852.371126909857,291.456396554672,303929.8320516867,95,2020-05-01
ensemble,2020-05-15,4214.781924010877,1173.5192039324859,11202.114836114502,95,2020-05-15
ensemble,2020-05-16,4375.071710108262,1021.4235955613913,12975.613079416446,95,2020-05-15
ensemble,2020-05-17,4856.091169027904,874.9472602264801,17216.55699198134,95,2020-05-15
ensemble,2020-05-18,4952.540971140649,727.4632347327092,19471.639818893455,95,2020-05-15
ensemble,2020-05-19,3345.3816740723505,264.64690146543455,14445.544555842669,95,2020-05-15
ensemble,2020-05-20,5713.634914863678,510.61292077363527,28610.00436261934,95,2020-05-15
ensemble,2020-05-21,2975.6631496251425,-0.854829857935236,18420.388596467546,95,2020-05-15
ensemble,2020-05-22,6683.417188498612,349.53502267672235,41536.24256461929,95,2020-05-15
ensemble,2020-05-23,7253.714348044508,286.43834209216334,49920.552591472035,95,2020-05-15
ensemble,2020-05-24,7884.475712279216,233.31171094789957,59926.41423839416,95,2020-05-15
ensemble,2020-05-25,8579.597874802857,188.92124721916437,71901.58426868288,95,2020-05-15
ensemble,2020-05-26,9342.40649257999,152.11953332078514,86243.95712751603,95,2020-05-15
ensemble,2020-05-27,10177.030901928389,121.82652399445792,103449.45143554358,95,2020-05-15
ensemble,2020-05-28,11087.782748945425,97.05876468924812,124114.1229384448,95,2020-05-15
ensemble,2020-06-01,2292.4171707118207,715.5889002284636,5656.944812661141,95,2020-06-01
ensemble,2020-06-02,2310.2606823586902,627.3914221913309,6200.103461195313,95,2020-06-01
ensemble,2020-06-03,2343.846465364871,541.998631451457,6902.957894675062,95,2020-06-01
ensemble,2020-06-04,2393.445403152842,462.4580906829077,7787.761945678694,95,2020-06-01
ensemble,2020-06-05,2459.173228890809,390.51681139769283,8883.68746989584,95,2020-06-01
ensemble,2020-06-06,2541.0202496528645,326.9005632601471,10228.165863068029,95,2020-06-01
ensemble,2020-06-07,2638.8754777144036,271.624559036081,11868.41108432177,95,2020-06-01
ensemble,2020-06-08,2752.5462704661486,224.2574745777824,13863.30339584645,95,2020-06-01
ensemble,2020-06-09,2881.7743552017023,184.11852843089932,16285.76818284454,95,2020-06-01
ensemble,2020-06-10,3169.1557208243985,155.76227729359556,20156.34351104356,95,2020-06-01
ensemble,2020-06-11,3185.6174497368975,122.32847475077331,22794.114383672026,95,2020-06-01
ensemble,2020-06-12,3515.780570493342,102.47754459866351,28389.37409511193,95,2020-06-01
ensemble,2020-06-13,3181.1967520609883,71.02963420443336,29251.41042676522,95,2020-06-01
ensemble,2020-06-14,3749.1093390360056,64.23804963004906,38796.43787427034,95,2020-06-01
ensemble,2020-06-15,1452.6265556661413,457.8568327262322,3524.3816882222873,95,2020-06-15
ensemble,2020-06-16,1620.9784640201296,469.74031215576196,4184.1654998077765,95,2020-06-15
ensemble,2020-06-17,1725.292486800276,427.30536762403773,4890.248730755112,95,2020-06-15
ensemble,2020-06-18,1730.246520795446,362.91798845047396,5381.995241759345,95,2020-06-15
ensemble,2020-06-19,1790.4927418971704,311.97820223115605,6159.193248928327,95,2020-06-15
ensemble,2020-06-20,1885.0396461031808,269.17596434145884,7197.3151004971505,95,2020-06-15
ensemble,2020-06-21,1956.749842000494,226.4901539024368,8309.402545459365,95,2020-06-15
ensemble,2020-06-22,2088.9324696422027,193.86574766295163,9889.617432886756,95,2020-06-15
ensemble,2020-06-23,2210.0732663560407,163.10969719506187,11682.10621409143,95,2020-06-15
ensemble,2020-06-24,2344.3036976005587,136.56446571105442,13857.304933788104,95,2020-06-15
ensemble,2020-06-25,2491.7800584366687,113.83713574311193,16497.583313855746,95,2020-06-15
ensemble,2020-06-26,2652.615600984471,94.51037154511593,19704.181480366915,95,2020-06-15
ensemble,2020-06-27,2826.8862905756337,78.17056987832368,23601.57278590999,95,2020-06-15
ensemble,2020-06-28,3014.635902019849,64.42556749160374,28342.89651028358,95,2020-06-15
ensemble,2020-07-01,7.765378820055995,1.1430937435991497,24.031961131145145,95,2020-07-01
ensemble,2020-07-02,8.21001741431859,0.5225675510815712,31.74874113766857,95,2020-07-01
ensemble,2020-07-03,7.525913822168873,-0.010072750524649971,35.30440246000559,95,2020-07-01
ensemble,2020-07-04,7.065275065270041,-0.3272450010057711,39.27368464266072,95,2020-07-01
ensemble,2020-07-05,6.97716933708476,-0.5212157551785173,45.25898182746743,95,2020-07-01
ensemble,2020-07-06,8.079148318002032,-0.6215947218072697,60.08980813286448,95,2020-07-01
ensemble,2020-07-07,7.839150298067295,-0.7332314380616842,66.65548687217041,95,2020-07-01
ensemble,2020-07-08,7.649265928244953,-0.8169792980205134,75.85977578539669,95,2020-07-01
ensemble,2020-07-09,8.040995572089507,-0.8686477171651962,91.21634755551602,95,2020-07-01
ensemble,2020-07-10,9.43546302539254,-0.9067233550696379,120.55836011856574,95,2020-07-01
ensemble,2020-07-11,7.730730111425821,-0.9354674900297306,113.72063163176057,95,2020-07-01
ensemble,2020-07-12,9.718305752462246,-0.9536029570257711,156.68165865851614,95,2020-07-01
ensemble,2020-07-13,8.354178424027285,-0.9668949318174034,154.57829744109458,95,2020-07-01
ensemble,2020-07-14,8.429788585542886,-0.9766584750437318,174.4429093705329,95,2020-07-01
ensemble,2020-07-15,11.039590431181827,1.8272993234556614,34.031507624363066,95,2020-07-15
ensemble,2020-07-16,12.044336500688017,1.218482655981205,44.5657045945569,95,2020-07-15
ensemble,2020-07-17,12.987661409683584,0.6868802878941135,57.46607701629676,95,2020-07-15
ensemble,2020-07-18,13.442125758302273,0.2745506813541727,69.34600384611097,95,2020-07-15
ensemble,2020-07-19,12.163808653146406,-0.12670161784395326,72.55160198282775,95,2020-07-15
ensemble,2020-07-20,15.443075624123196,-0.19807670577304856,104.46511166945764,95,2020-07-15
ensemble,2020-07-21,15.784282048203645,-0.3888027760248243,120.51688289331352,95,2020-07-15
ensemble,2020-07-22,16.209470827945104,-0.5479577111500221,145.27468435160256,95,2020-07-15
ensemble,2020-07-23,16.84960991920638,-0.655380167264757,173.42613276695357,95,2020-07-15
ensemble,2020-07-24,17.677657570605433,-0.7346571592950081,207.9894865268583,95,2020-07-15
ensemble,2020-07-25,18.30077582488625,-0.7956428644053828,245.32043504257467,95,2020-07-15
ensemble,2020-07-26,18.385642643180645,-0.84358728756744,280.8718942258583,95,2020-07-15
ensemble,2020-07-27,19.735651999056856,-0.877094240130311,340.20446109495487,95,2020-07-15
ensemble,2020-07-28,20.33827600865849,-0.9045691392715914,396.62362944474864,95,2020-07-15
ensemble,2020-08-01,23.29525525143856,4.981355378847759,68.24967431705964,95,2020-08-01
ensemble,2020-08-02,27.39021846236213,3.958890846268075,96.80817708000951,95,2020-08-01
ensemble,2020-08-03,31.50390191500877,3.1408064589088265,130.90765684386912,95,2020-08-01
ensemble,2020-08-04,36.62072471713096,2.552084997396217,175.44617406375508,95,2020-08-01
ensemble,2020-08-05,40.172873226818254,1.953609730292137,218.6748185296295,95,2020-08-01
ensemble,2020-08-06,42.63537811103469,1.4306756988490454,260.92906508414706,95,2020-08-01
ensemble,2020-08-07,42.643979607942384,0.936019772358428,291.71345284834086,95,2020-08-01
ensemble,2020-08-08,43.66118379901583,0.48252996837379875,344.2015182290609,95,2020-08-01
ensemble,2020-08-09,48.41728125892715,0.2539138531200543,430.56724862390035,95,2020-08-01
ensemble,2020-08-10,61.38323582162849,0.15640755297836492,613.8854749482684,95,2020-08-01
ensemble,2020-08-11,58.257404915681136,-0.09436750358883199,649.4886240367593,95,2020-08-01
ensemble,2020-08-12,62.83014641354101,-0.2317095342186815,780.0915844638897,95,2020-08-01
ensemble,2020-08-13,72.75279216931412,-0.3177059111128051,1002.004644570734,95,2020-08-01
ensemble,2020-08-14,78.85955616076612,-0.4188618902468367,1202.5433740133783,95,2020-08-01
ensemble,2020-08-15,51.72775069339857,11.6268361116906,150.13959665222018,95,2020-08-15
ensemble,2020-08-16,58.63690553865129,9.640265788284902,202.11507846784983,95,2020-08-15
ensemble,2020-08-17,87.22876542203775,10.26004611991407,355.1269347258829,95,2020-08-15
ensemble,2020-08-18,85.39588549844939,7.71885998697334,392.5639338758553,95,2020-08-15
ensemble,2020-08-19,87.83908164765022,5.945697407151681,458.73468125415036,95,2020-08-15
ensemble,2020-08-20,107.034794220595,5.341136130065721,632.8791323216159,95,2020-08-15
ensemble,2020-08-21,90.90561394111337,3.3826289539644603,602.4556256682208,95,2020-08-15
ensemble,2020-08-22,102.53532291317042,2.73537611052254,775.9900710023787,95,2020-08-15
ensemble,2020-08-23,101.68859691450422,1.783511249418443,874.5115029337891,95,2020-08-15
ensemble,2020-08-24,119.7912537080312,1.6189699755774893,1147.6220740645174,95,2020-08-15
ensemble,2020-08-25,113.67214273856682,0.7755202481580843,1234.5095100876858,95,2020-08-15
ensemble,2020-08-26,119.82721184629126,0.4905384750913398,1449.767296472139,95,2020-08-15
ensemble,2020-08-27,130.3833109760642,0.3309652664637681,1748.40118769968,95,2020-08-15
ensemble,2020-08-28,153.19353607685687,0.3536788588541665,2263.2591487145664,95,2020-08-15
ensemble,2020-09-01,161.76387488749015,42.82722519503883,438.1286821891764,95,2020-09-01
ensemble,2020-09-02,166.75292751274858,30.077211170235515,556.0747705455734,95,2020-09-01
ensemble,2020-09-03,178.32140428125876,22.792050328422068,704.5246232132689,95,2020-09-01
ensemble,2020-09-04,205.98928708564603,21.206683138915054,915.9769272669025,95,2020-09-01
ensemble,2020-09-05,205.81270750305467,15.818300501166753,1049.8500674080294,95,2020-09-01
ensemble,2020-09-06,226.85751689086098,13.637224591084161,1297.7978735032243,95,2020-09-01
ensemble,2020-09-07,255.26716977672857,12.237891758842988,1621.5170706284493,95,2020-09-01
ensemble,2020-09-08,279.53529994051144,9.766262633896972,2035.9079528951572,95,2020-09-01
ensemble,2020-09-09,313.54841458024237,8.41642180814594,2566.1644939843973,95,2020-09-01
ensemble,2020-09-10,381.4428310945812,8.074122314407552,3485.0329032608806,95,2020-09-01
ensemble,2020-09-11,387.3934455018644,6.308318779293756,3960.213461320133,95,2020-09-01
ensemble,2020-09-12,10195.523434262457,7.48505627401901,136888.11517218253,95,2020-09-01
ensemble,2020-09-13,537.0884414790685,5.227843835734952,6782.044527493816,95,2020-09-01
ensemble,2020-09-14,493.0787441741227,3.8227179828771725,6910.799831830815,95,2020-09-01
ensemble,2020-09-15,2042.3728839037021,38.99680482952359,7458.828387570897,95,2020-09-15
ensemble,2020-09-16,3543.646472465905,618.6753636521422,12177.415747306675,95,2020-09-15
ensemble,2020-09-17,3964.557475296513,495.9362730528698,16234.834162302091,95,2020-09-15
ensemble,2020-09-18,4336.530188215056,400.7241155992311,20719.43864928866,95,2020-09-15
ensemble,2020-09-19,4415.151518137351,303.6845555672869,24432.484059810227,95,2020-09-15
ensemble,2020-09-20,4457.195987146389,220.77257623074982,28629.086754443593,95,2020-09-15
ensemble,2020-09-21,5513.248714267601,224.45804692276326,39216.35371176699,95,2020-09-15
ensemble,2020-09-22,6265.721610120694,185.4820123014749,51434.06862211713,95,2020-09-15
ensemble,2020-09-23,6828.000002892847,149.2841384086226,63948.28386367616,95,2020-09-15
ensemble,2020-09-24,7923.368153290258,135.19519582897712,83647.68475517939,95,2020-09-15
ensemble,2020-09-25,8649.942675397373,112.3466884672379,103007.43956444717,95,2020-09-15
ensemble,2020-09-26,10274.589234506671,105.73704513074445,137152.952910368,95,2020-09-15
ensemble,2020-09-27,10907.808266682372,86.33539880897662,163218.79204198343,95,2020-09-15
ensemble,2020-09-28,11884.273820296803,73.54138301634603,198227.53493183115,95,2020-09-15
ensemble,2020-10-01,10535.767834856928,2660.272167315762,29207.315286348785,95,2020-10-01
ensemble,2020-10-02,12883.020637874797,2388.1530304661073,43074.2816604761,95,2020-10-01
ensemble,2020-10-03,13238.173100317525,1659.1648262694612,54052.66605648621,95,2020-10-01
ensemble,2020-10-04,16447.195792501578,1627.437217496475,76399.07551600748,95,2020-10-01
ensemble,2020-10-05,18524.64107325674,1390.0139924880077,98671.84323447722,95,2020-10-01
ensemble,2020-10-06,20703.099644866707,1195.0635260364843,125330.71385295135,95,2020-10-01
ensemble,2020-10-07,23564.84659464073,1067.0157582600145,160330.29749092454,95,2020-10-01
ensemble,2020-10-08,26406.36987976652,869.688480535174,206683.56236979444,95,2020-10-01
ensemble,2020-10-09,29695.670316312375,740.407652200127,263274.9862231253,95,2020-10-01
ensemble,2020-10-10,32644.63796199747,615.0316167285687,326780.3562370461,95,2020-10-01
ensemble,2020-10-11,36546.577446587515,530.972115938043,410132.3242786102,95,2020-10-01
ensemble,2020-10-12,40349.51004781664,448.6014385182605,506328.35320480267,95,2020-10-01
ensemble,2020-10-13,47869.998523172035,437.8578826865306,666145.062639175,95,2020-10-01
ensemble,2020-10-14,50973.89381696329,352.7825004862953,790167.6257895435,95,2020-10-01
ensemble,2020-10-15,16682.526996214085,4446.036810139802,45062.52100709751,95,2020-10-15
ensemble,2020-10-16,18557.574049841925,3483.605129764697,61461.665674443444,95,2020-10-15
ensemble,2020-10-17,20143.057771366366,2738.713498474136,79474.01088716385,95,2020-10-15
ensemble,2020-10-18,20900.69187889201,1948.7770888621487,98321.92980880658,95,2020-10-15
ensemble,2020-10-19,26360.637987452188,2102.367770313963,136131.69735923212,95,2020-10-15
ensemble,2020-10-20,28101.090690949386,1694.9354892905312,165646.52027077184,95,2020-10-15
ensemble,2020-10-21,32540.444288678977,1599.821177676666,212905.16837049316,95,2020-10-15
ensemble,2020-10-22,34543.67049506666,1203.0052601170705,260825.80094260984,95,2020-10-15
ensemble,2020-10-23,37886.9513758035,1001.131110098379,322719.10115123424,95,2020-10-15
ensemble,2020-10-24,41202.99068742327,828.965309305353,394204.3133001299,95,2020-10-15
ensemble,2020-10-25,44419.541120256254,670.9161172055932,475900.5224837519,95,2020-10-15
ensemble,2020-10-26,50765.55519477959,624.4521545859569,600950.1243145032,95,2020-10-15
ensemble,2020-10-27,55132.95855802487,523.9837244719627,724474.1087611732,95,2020-10-15
ensemble,2020-10-28,60442.2971484583,451.3107288748576,878051.4896345738,95,2020-10-15
ensemble,2020-11-01,16297.364395495193,4816.233918129644,41641.83884651598,95,2020-11-01
ensemble,2020-11-02,19647.934667764006,4022.479542214625,61844.001481699706,95,2020-11-01
ensemble,2020-11-03,20929.050906770422,3165.5675189451927,77701.9887063767,95,2020-11-01
ensemble,2020-11-04,22451.206018810277,2591.7531301819554,95889.86790877246,95,2020-11-01
ensemble,2020-11-05,24019.340288012012,2169.1268178261494,116087.8757125552,95,2020-11-01
ensemble,2020-11-06,25499.161336166828,1834.505380267979,137834.64278086746,95,2020-11-01
ensemble,2020-11-07,25879.66437187705,1498.3606004895742,155631.98783393294,95,2020-11-01
ensemble,2020-11-08,28167.684284469768,1246.1991403098382,191515.68455358926,95,2020-11-01
ensemble,2020-11-09,43825.99112263735,1360.6077900039884,339854.2551823589,95,2020-11-01
ensemble,2020-11-10,34437.80295733856,975.5306096897085,287882.6567194684,95,2020-11-01
ensemble,2020-11-11,36925.81034628475,849.3327654444656,339808.91319181526,95,2020-11-01
ensemble,2020-11-12,38141.074989850786,715.6283426993879,384561.93968491507,95,2020-11-01
ensemble,2020-11-13,40374.85316966533,625.4242677511947,444333.4623529321,95,2020-11-01
ensemble,2020-11-14,41638.990777298844,532.7615303604548,498523.9087593345,95,2020-11-01
ensemble,2020-11-15,19411.83720924952,5797.570385439676,49205.70661143554,95,2020-11-15
ensemble,2020-11-16,21271.62027151564,4589.086026197884,65157.245283112934,95,2020-11-15
ensemble,2020-11-17,23718.64389922614,3847.2917606247183,84928.13433370058,95,2020-11-15
ensemble,2020-11-18,25956.11004701756,3258.688586516091,106155.62635179791,95,2020-11-15
ensemble,2020-11-19,27521.61657310585,2745.7878203774762,126387.27597043118,95,2020-11-15
ensemble,2020-11-20,30081.058395568354,2408.4640927524897,153683.98468587032,95,2020-11-15
ensemble,2020-11-21,34865.88339632579,2150.4693961459798,199573.76690721142,95,2020-11-15
ensemble,2020-11-22,35225.87247718245,1755.9299524209046,224466.5435890984,95,2020-11-15
ensemble,2020-11-23,29853.38773585702,1096.0634937592954,211938.6212464182,95,2020-11-15
ensemble,2020-11-24,33468.281865418874,1062.8382000172203,258911.70437194945,95,2020-11-15
ensemble,2020-11-25,38340.520269719804,1031.3448833103998,324098.78298577754,95,2020-11-15
ensemble,2020-11-26,36818.43406894388,767.3134466196575,339975.8241499159,95,2020-11-15
ensemble,2020-11-27,42633.21680750269,782.8641809556766,427068.38807612675,95,2020-11-15
ensemble,2020-11-28,44844.6231194532,687.3525761790146,486592.7236739943,95,2020-11-15
ensemble,2020-12-01,12595.601286876556,3915.7564861968635,31199.700910230746,95,2020-12-01
ensemble,2020-12-02,13554.062827451393,3028.4328695441463,40835.45488378986,95,2020-12-01
ensemble,2020-12-03,14061.738934319916,2351.123028345757,49800.7832998845,95,2020-12-01
ensemble,2020-12-04,14817.587487345703,1906.9703755166886,60264.950746619135,95,2020-12-01
ensemble,2020-12-05,15000.647106359886,1505.8849275663163,69465.79984648246,95,2020-12-01
ensemble,2020-12-06,15955.443319703849,1280.637291528291,82640.28460379597,95,2020-12-01
ensemble,2020-12-07,18687.72173242459,1226.2718335173245,106058.26837637588,95,2020-12-01
ensemble,2020-12-08,19252.786280020442,954.7721901836762,124796.57051958979,95,2020-12-01
ensemble,2020-12-09,20660.82147930505,806.1949539709096,149777.362586378,95,2020-12-01
ensemble,2020-12-10,21714.78955342477,672.4985750444868,175407.26396921166,95,2020-12-01
ensemble,2020-12-11,22924.65418892517,568.9439644229627,205330.63481261762,95,2020-12-01
ensemble,2020-12-12,23703.64414742053,473.71001087823214,234980.06533058797,95,2020-12-01
ensemble,2020-12-13,25143.222861106075,410.0090445009796,274487.05312101083,95,2020-12-01
ensemble,2020-12-14,27501.942416260154,369.4460982252333,329079.42030996864,95,2020-12-01
ensemble,2020-12-15,26774.948237084696,8577.301035332279,65105.524626431325,95,2020-12-15
ensemble,2020-12-16,30772.793146433425,7039.03315690237,91310.81838432465,95,2020-12-15
ensemble,2020-12-17,31519.82118492433,5497.67511363483,108980.7167714775,95,2020-12-15
ensemble,2020-12-18,34268.938513774934,4664.791561123618,135015.369966436,95,2020-12-15
ensemble,2020-12-19,34949.70318337287,3781.383586153135,155266.64415337527,95,2020-12-15
ensemble,2020-12-20,37953.27912328367,3337.359935363656,186738.82958244302,95,2020-12-15
ensemble,2020-12-21,44114.112436593845,3204.2912918326074,237069.88787607726,95,2020-12-15
ensemble,2020-12-22,46721.14164980259,2633.6536187769934,283366.88214134943,95,2020-12-15
ensemble,2020-12-23,50297.4557805121,2279.8410714619467,337837.33132966526,95,2020-12-15
ensemble,2020-12-24,53726.572267071024,1982.1055551321813,397133.5689961458,95,2020-12-15
ensemble,2020-12-25,57505.268109735945,1746.0192245030298,465273.07420368324,95,2020-12-15
ensemble,2020-12-26,59626.896910475276,1497.7121148651818,525955.83915853,95,2020-12-15
ensemble,2020-12-27,63864.184074875244,1344.3312657509953,611560.9501402554,95,2020-12-15
ensemble,2020-12-28,70962.25368101479,1268.0880685242232,735544.6866970198,95,2020-12-15
ensemble,2021-01-01,2507.723298111411,751.5829161412223,6387.162982972256,95,2021-01-01
ensemble,2021-01-02,2924.802915160671,601.5069709268547,9238.778466039748,95,2021-01-01
ensemble,2021-01-03,3365.1758313469177,500.8175458271766,12618.493694928293,95,2021-01-01
ensemble,2021-01-04,3480.408685131608,374.64779446294915,15286.893588641398,95,2021-01-01
ensemble,2021-01-05,4341.039870339369,373.9279632124798,21380.759936594473,95,2021-01-01
ensemble,2021-01-06,3945.6736081247927,261.5385519739187,22027.894586364615,95,2021-01-01
ensemble,2021-01-07,3617.627481316724,177.48836320748282,22937.79722063345,95,2021-01-01
ensemble,2021-01-08,3597.4036643728905,121.10216796986337,26115.45494360461,95,2021-01-01
ensemble,2021-01-09,4020.682061024644,107.78897956370744,32245.80895891435,95,2021-01-01
ensemble,2021-01-10,4950.428386547071,120.77765302365586,43318.051384909966,95,2021-01-01
ensemble,2021-01-11,4139.209618225039,34.832650002556335,42038.95197230596,95,2021-01-01
ensemble,2021-01-12,6015.529312303077,97.6982891066584,63893.96473259627,95,2021-01-01
ensemble,2021-01-13,6219.7650277003395,81.86244895618867,72368.1805823023,95,2021-01-01
ensemble,2021-01-14,6341.575308166073,67.72222567509522,80498.36380259079,95,2021-01-01
ensemble,2021-01-15,1779.214579619791,551.8305758361452,4422.944313005127,95,2021-01-15
ensemble,2021-01-16,1981.6550305453056,420.3693170297396,6149.237002948879,95,2021-01-15
ensemble,2021-01-17,2132.2449785318977,328.27536440917277,7869.3602377335565,95,2021-01-15
ensemble,2021-01-18,2344.4000745140665,272.97930681974464,9974.159007794482,95,2021-01-15
ensemble,2021-01-19,2607.3174039721316,236.126353892233,12565.234468551938,95,2021-01-15
ensemble,2021-01-20,2773.1521758476174,198.06942654456032,14993.352937949301,95,2021-01-15
ensemble,2021-01-21,2856.8330547332253,163.66701467669208,17158.016205566182,95,2021-01-15
ensemble,2021-01-22,3230.012637558024,139.05480556361223,22072.066890238875,95,2021-01-15
ensemble,2021-01-23,3282.7810443157787,110.64297317380797,25058.909692223373,95,2021-01-15
ensemble,2021-01-24,3331.4904505846634,87.97835757108035,28236.36565884484,95,2021-01-15
ensemble,2021-01-25,3622.940263495111,77.21831488542264,33884.33234847841,95,2021-01-15
ensemble,2021-01-26,3969.5688683908156,69.3315287926763,40828.088460115956,95,2021-01-15
ensemble,2021-01-27,4180.989978917372,59.67899404013316,47091.340074413216,95,2021-01-15
ensemble,2021-01-28,4455.906800964209,52.579505875638866,54793.24551212783,95,2021-01-15
ensemble,2021-02-01,1086.299767581121,333.21615672149926,2721.120044283164,95,2021-02-01
ensemble,2021-02-02,1158.003184364873,249.9079440180199,3555.2377113384264,95,2021-02-01
ensemble,2021-02-03,1184.6205566637964,191.91461684109984,4241.821846171387,95,2021-02-01
ensemble,2021-02-04,1258.0940460024472,156.41100429262832,5166.984465683214,95,2021-02-01
ensemble,2021-02-05,1295.9789678209684,125.97189060769477,6015.960025945996,95,2021-02-01
ensemble,2021-02-06,1355.8147347149086,104.06590933045182,7046.817171642269,95,2021-02-01
ensemble,2021-02-07,1358.046008949092,85.09651008245888,7785.583326058508,95,2021-02-01
ensemble,2021-02-08,1712.788862472955,77.43993616867809,11272.427609850514,95,2021-02-01
ensemble,2021-02-09,1814.468643961814,65.00454708363847,13264.451604002437,95,2021-02-01
ensemble,2021-02-10,1917.7005616202605,56.30737123775188,15504.61544884996,95,2021-02-01
ensemble,2021-02-11,1816.1413694291718,42.375428447412204,16150.312111020608,95,2021-02-01
ensemble,2021-02-12,1916.6087726194,36.95939665701455,18706.242607132186,95,2021-02-01
ensemble,2021-02-13,1839.0410346368785,29.2321775957324,19636.200480598916,95,2021-02-01
ensemble,2021-02-14,2009.8232157468633,26.531032473425594,23385.97065647846,95,2021-02-01
ensemble,2021-02-15,795.244878015043,258.3724436175975,1908.8504411138313,95,2021-02-15
ensemble,2021-02-16,827.6168584642757,184.84969676291647,2486.061466383858,95,2021-02-15
ensemble,2021-02-17,899.0739233238211,146.52869892980695,3207.4161390322574,95,2021-02-15
ensemble,2021-02-18,986.9669658565344,122.02122423375098,4059.218707121541,95,2021-02-15
ensemble,2021-02-19,1070.5541631851875,102.95026795098535,4987.0499158017665,95,2021-02-15
ensemble,2021-02-20,1084.6644234529463,82.68171301736068,5682.109732070471,95,2021-02-15
ensemble,2021-02-21,1110.9450729453438,68.29527322535428,6459.644664831631,95,2021-02-15
ensemble,2021-02-22,1282.156086556621,60.29619547812779,8416.782540813894,95,2021-02-15
ensemble,2021-02-23,1299.8791509561843,47.896780299117935,9549.00844332953,95,2021-02-15
ensemble,2021-02-24,1395.0212767919406,41.01952756499215,11359.57676074017,95,2021-02-15
ensemble,2021-02-25,1494.976553268631,35.5309773590969,13421.966620243498,95,2021-02-15
ensemble,2021-02-26,1617.9580412368427,31.434624404462472,15944.591647502208,95,2021-02-15
ensemble,2021-02-27,1630.531699310264,25.860615520017284,17577.260508126095,95,2021-02-15
ensemble,2021-02-28,1690.3824873885737,22.100827161812873,19848.939162193295,95,2021-02-15
ensemble,2021-03-01,588.3781210563104,190.86064372299919,1426.4852493738395,95,2021-03-01
ensemble,2021-03-02,605.7114050538037,139.0890651243038,1791.125232069261,95,2021-03-01
ensemble,2021-03-03,614.9469881631258,107.70543979053879,2108.098568298574,95,2021-03-01
ensemble,2021-03-04,625.0973259902095,84.70960913155027,2451.127315335567,95,2021-03-01
ensemble,2021-03-05,631.5583759518172,66.99680761420251,2797.8965356766275,95,2021-03-01
ensemble,2021-03-06,578.3136721943769,48.55359114501116,2860.505620649024,95,2021-03-01
ensemble,2021-03-07,636.0646354956375,43.138519824886174,3483.766151863504,95,2021-03-01
ensemble,2021-03-08,804.1092896840396,41.17670773470258,5043.551345991666,95,2021-03-01
ensemble,2021-03-09,814.0487250487863,32.54637853178442,5709.39171167584,95,2021-03-01
ensemble,2021-03-10,824.9286777927945,26.36078654961818,6422.009557734595,95,2021-03-01
ensemble,2021-03-11,844.327556958629,21.56034210658314,7279.836080256175,95,2021-03-01
ensemble,2021-03-12,832.3349543405222,17.05135638804389,7912.227128946291,95,2021-03-01
ensemble,2021-03-13,798.1274016018178,13.003764005048822,8347.889918047622,95,2021-03-01
ensemble,2021-03-14,872.9374473103136,11.650015949902956,9999.107625231807,95,2021-03-01
ensemble,2021-03-15,533.621776507777,180.90450986810959,1247.0007253817755,95,2021-03-15
ensemble,2021-03-16,584.935693405127,137.96459639863033,1695.7021917565983,95,2021-03-15
ensemble,2021-03-17,619.9538429225213,108.38034370145083,2121.8301217921107,95,2021-03-15
ensemble,2021-03-18,663.5840295236237,88.8957944192713,2609.003458773365,95,2021-03-15
ensemble,2021-03-19,736.4645629523903,76.89989108325899,3274.3467668015414,95,2021-03-15
ensemble,2021-03-20,740.419892855412,62.55832977020814,3666.4950251662376,95,2021-03-15
ensemble,2021-03-21,745.0536047656401,51.32711489875582,4080.3624550069053,95,2021-03-15
ensemble,2021-03-22,853.3970786692762,45.144631046843095,5275.470178396045,95,2021-03-15
ensemble,2021-03-23,887.0194286444492,37.26344943911292,6104.912564393287,95,2021-03-15
ensemble,2021-03-24,939.6139325052079,31.721274544050118,7151.393511498515,95,2021-03-15
ensemble,2021-03-25,997.630259633665,27.36953367343518,8348.79136316831,95,2021-03-15
ensemble,2021-03-26,1039.0350186042779,23.361006414993856,9516.746798573378,95,2021-03-15
ensemble,2021-03-27,1072.3528295396384,19.89224352544284,10706.328606400444,95,2021-03-15
ensemble,2021-03-28,1115.6042175332382,17.204422330682192,12099.421048156935,95,2021-03-15
ensemble,2021-04-01,436.0395865777711,152.08105078818772,1001.955480379128,95,2021-04-01
ensemble,2021-04-02,452.96895098215396,112.43641602165262,1278.3957460550141,95,2021-04-01
ensemble,2021-04-03,425.3373486891925,79.14517457638473,1407.0196737201936,95,2021-04-01
ensemble,2021-04-04,458.97863924125556,66.9386998639089,1728.999038518604,95,2021-04-01
ensemble,2021-04-05,597.3576193191343,69.25272392077422,2533.24456219785,95,2021-04-01
ensemble,2021-04-06,601.2457109501993,56.11201356037601,2833.84610673215,95,2021-04-01
ensemble,2021-04-07,605.7702968048848,46.73341218522807,3128.63382695599,95,2021-04-01
ensemble,2021-04-08,643.9834964753088,38.417736089552804,3746.131232766006,95,2021-04-01
ensemble,2021-04-09,654.3811540714435,31.236916977477172,4219.812072496748,95,2021-04-01
ensemble,2021-04-10,642.7170602240153,24.885645959687594,4577.448886759947,95,2021-04-01
ensemble,2021-04-11,684.6693200511428,21.626161073416768,5333.838418494891,95,2021-04-01
ensemble,2021-04-12,839.6042423024312,21.17718960590138,7099.590887443045,95,2021-04-01
ensemble,2021-04-13,887.4677084738535,18.715172683062832,8150.480753708363,95,2021-04-01
ensemble,2021-04-14,905.8200192265983,16.199185985692758,9018.535880420914,95,2021-04-01
ensemble,2021-04-15,242.03506085242864,85.54201191415243,551.0516640357329,95,2021-04-15
ensemble,2021-04-16,245.852106662507,62.85405986203426,681.1685518734932,95,2021-04-15
ensemble,2021-04-17,236.68882037716406,45.28093712134274,770.2581573642975,95,2021-04-15
ensemble,2021-04-18,248.46039351661597,37.16042155874647,920.0545792924327,95,2021-04-15
ensemble,2021-04-19,294.12413665112206,35.53077243268246,1215.507281200784,95,2021-04-15
ensemble,2021-04-20,308.81173928048423,30.081906590385305,1417.1659303806998,95,2021-04-15
ensemble,2021-04-21,299.27893101958495,23.729199335544745,1512.6463330512217,95,2021-04-15
ensemble,2021-04-22,333.44574174969614,20.3102584858885,1909.5450021298814,95,2021-04-15
ensemble,2021-04-23,353.89458262918924,16.764933582003366,2270.0381509073977,95,2021-04-15
ensemble,2021-04-24,324.6655683829016,12.10676473222409,2306.051592802005,95,2021-04-15
ensemble,2021-04-25,338.33822600364385,10.171374833066752,2642.140473139473,95,2021-04-15
ensemble,2021-04-26,388.78290521195817,9.761939309811787,3305.5872677376333,95,2021-04-15
ensemble,2021-04-27,405.7382792250647,8.288505608355813,3770.2899710455417,95,2021-04-15
ensemble,2021-04-28,405.89229489090064,6.7308393678928216,4110.436339727724,95,2021-04-15
ensemble,2021-05-01,175.11302784234664,61.13422073435369,398.7151576792161,95,2021-05-01
ensemble,2021-05-02,160.19935589599845,40.50944473878171,444.15647576713934,95,2021-05-01
ensemble,2021-05-03,207.43326740212188,39.945041250517356,670.8327030842844,95,2021-05-01
ensemble,2021-05-04,236.42385707601358,35.0985437312244,874.1720648587841,95,2021-05-01
ensemble,2021-05-05,242.8239690989783,28.08333190324793,1013.1109484123173,95,2021-05-01
ensemble,2021-05-06,253.48479265273653,23.528985587158587,1183.7406715844252,95,2021-05-01
ensemble,2021-05-07,243.21020837928106,17.807859257827783,1264.3888422921443,95,2021-05-01
ensemble,2021-05-08,238.79623076434564,12.667702270123854,1409.4404645149987,95,2021-05-01
ensemble,2021-05-09,254.39894027927699,9.9983811874646,1685.5404527280323,95,2021-05-01
ensemble,2021-05-10,310.8078769203128,10.040317424671228,2301.963868592432,95,2021-05-01
ensemble,2021-05-11,330.88960834211593,8.342673034867566,2728.060254832768,95,2021-05-01
ensemble,2021-05-12,343.76237008036753,6.68595527392781,3140.8440671373714,95,2021-05-01
ensemble,2021-05-13,366.10749094254084,5.673677457394076,3715.604927443838,95,2021-05-01
ensemble,2021-05-14,373.55193383274116,4.395085036788158,4175.253155262745,95,2021-05-01
ensemble,2021-05-15,304.2295192957903,110.16078066742104,680.4655458785946,95,2021-05-15
ensemble,2021-05-16,332.3597155575703,89.10066511297583,897.0673335334203,95,2021-05-15
ensemble,2021-05-17,425.95055930155667,87.76434925461626,1333.0723877168014,95,2021-05-15
ensemble,2021-05-18,457.69616505848387,74.57287691025961,1623.0747563027733,95,2021-05-15
ensemble,2021-05-19,481.5205530881428,64.16347499470969,1899.1166771756893,95,2021-05-15
ensemble,2021-05-20,494.3521104905842,54.26306304690158,2147.6878755988946,95,2021-05-15
ensemble,2021-05-21,499.278059365681,45.755096992122205,2371.2900351354224,95,2021-05-15
ensemble,2021-05-22,517.0028603238711,36.958933371309215,2784.881693613522,95,2021-05-15
ensemble,2021-05-23,551.2007042023097,32.09279277695705,3268.0994837420117,95,2021-05-15
ensemble,2021-05-24,666.1218730427942,31.324313627468726,4284.426092786422,95,2021-05-15
ensemble,2021-05-25,695.3773015569839,26.696036732008285,4866.626145290397,95,2021-05-15
ensemble,2021-05-26,717.8574423733485,23.25427989418785,5466.826590736771,95,2021-05-15
ensemble,2021-05-27,748.3435534399492,20.443164271142955,6172.835208753582,95,2021-05-15
ensemble,2021-05-28,760.8439577241639,17.68036729843904,6789.5388087402425,95,2021-05-15
ensemble,2021-06-01,682.6326177361649,255.01809388237234,1503.4798591916115,95,2021-06-01
ensemble,2021-06-02,736.5682117583474,200.5319378119325,1971.4763591393728,95,2021-06-01
ensemble,2021-06-03,753.1697139760505,157.31213258802347,2346.748936083237,95,2021-06-01
ensemble,2021-06-04,749.5922031343398,123.39966924717763,2653.6346057623014,95,2021-06-01
ensemble,2021-06-05,708.9271265669511,92.99191449500756,2809.483230272547,95,2021-06-01
ensemble,2021-06-06,751.4938452324611,81.12400272114915,3286.47217864638,95,2021-06-01
ensemble,2021-06-07,937.8666475851019,85.01668886053017,4494.8301367051445,95,2021-06-01
ensemble,2021-06-08,1017.8388651802406,72.40845283398049,5469.747174691074,95,2021-06-01
ensemble,2021-06-09,1092.0231452631776,63.29393145380175,6473.674616597399,95,2021-06-01
ensemble,2021-06-10,1167.0553339810826,55.692725130174004,7598.168475182955,95,2021-06-01
ensemble,2021-06-11,1190.5292614846926,47.0335543441508,8476.038658202195,95,2021-06-01
ensemble,2021-06-12,1143.6567841092306,37.29347295015771,8913.346411013976,95,2021-06-01
ensemble,2021-06-13,1243.8640985937934,34.213981377711896,10501.115218799136,95,2021-06-01
ensemble,2021-06-14,1459.1162259752364,34.34922136660276,13124.442970468725,95,2021-06-01
ensemble,2021-06-15,1280.8788291349515,486.3223522570043,2791.736060156474,95,2021-06-15
ensemble,2021-06-16,1362.3828226168466,378.9535210464164,3604.026893366635,95,2021-06-15
ensemble,2021-06-17,1386.9414768723855,295.7549029222694,4269.410062060218,95,2021-06-15
ensemble,2021-06-18,1368.4066184897993,230.6269682244634,4781.508019099313,95,2021-06-15
ensemble,2021-06-19,1305.387492635263,174.8330971550961,5114.528435761644,95,2021-06-15
ensemble,2021-06-20,1429.9949496250247,158.4231845216902,6168.749514226424,95,2021-06-15
ensemble,2021-06-21,1800.881343585886,170.97121910643054,8463.927275707754,95,2021-06-15
ensemble,2021-06-22,2022.2177018834534,150.25423618861512,10700.511010376615,95,2021-06-15
ensemble,2021-06-23,2091.8092503915213,126.47977798906257,12214.820157245871,95,2021-06-15
ensemble,2021-06-24,2081.910728639434,103.51605255911186,13340.552418644644,95,2021-06-15
ensemble,2021-06-25,2073.319106103704,85.53132743610819,14523.659103091992,95,2021-06-15
ensemble,2021-06-26,1927.3228824247997,65.93442260069357,14727.926026284678,95,2021-06-15
ensemble,2021-06-27,2107.4897082309853,61.12720430490461,17415.77395698277,95,2021-06-15
ensemble,2021-06-28,2568.310585197699,63.28476766385748,22628.90364601889,95,2021-06-15
ensemble,2021-07-01,4275.639566013813,1641.7375462126379,9242.864897055826,95,2021-07-01
ensemble,2021-07-02,4150.243500702843,1171.7447470076393,10877.115104575663,95,2021-07-01
ensemble,2021-07-03,4121.805256991965,896.594613361386,12550.460231945981,95,2021-07-01
ensemble,2021-07-04,4886.908741590646,839.4390968839086,16922.068832000023,95,2021-07-01
ensemble,2021-07-05,6848.059902451859,944.9442623489894,26820.872022809923,95,2021-07-01
ensemble,2021-07-06,7337.440154026481,816.9491834619625,32222.067138564456,95,2021-07-01
ensemble,2021-07-07,7672.274935215215,699.3045906311336,37305.406883723466,95,2021-07-01
ensemble,2021-07-08,8120.339132066296,567.6050941809387,44739.41451128914,95,2021-07-01
ensemble,2021-07-09,8370.112228812137,463.67292957520283,51432.13316453226,95,2021-07-01
ensemble,2021-07-10,8342.537273160026,368.8273156407535,56686.6495098756,95,2021-07-01
ensemble,2021-07-11,9141.328977664252,325.47707475139623,69235.58814676401,95,2021-07-01
ensemble,2021-07-12,12603.363983471922,351.7761073632627,107678.1398881979,95,2021-07-01
ensemble,2021-07-13,13439.291930249306,298.9540433052952,127720.16769154074,95,2021-07-01
ensemble,2021-07-14,14376.466681170885,264.2803775226829,149877.12355147218,95,2021-07-01
ensemble,2021-07-15,2304.8156586345963,898.8883591003307,4930.972812424279,95,2021-07-15
ensemble,2021-07-16,2368.209852845604,683.5809311570439,6128.656716255983,95,2021-07-15
ensemble,2021-07-17,2221.2297163753738,494.0406052386932,6684.75020378724,95,2021-07-15
ensemble,2021-07-18,2398.7975658527616,432.59953844601085,8114.576242936623,95,2021-07-15
ensemble,2021-07-19,3087.0807700198716,454.78299727137755,11610.969015814577,95,2021-07-15
ensemble,2021-07-20,3213.6711032217036,392.1845031966319,13303.894575032205,95,2021-07-15
ensemble,2021-07-21,3196.135831253224,328.7406383068578,14412.408348355715,95,2021-07-15
ensemble,2021-07-22,3382.215979122541,276.2091070896322,17085.343287907846,95,2021-07-15
ensemble,2021-07-23,3348.0560043689343,224.22868406829343,18629.91278696079,95,2021-07-15
ensemble,2021-07-24,3193.585482774852,177.1798296195206,19538.91515193845,95,2021-07-15
ensemble,2021-07-25,3428.0569439948076,158.94536900473375,22761.318386519284,95,2021-07-15
ensemble,2021-07-26,4306.947706837114,162.46810164792456,30721.377224221065,95,2021-07-15
ensemble,2021-07-27,4493.770615744455,143.23003861323338,34546.18421533468,95,2021-07-15
ensemble,2021-07-28,4495.613314759134,123.03621344489184,37160.11482508755,95,2021-07-15
ensemble,2021-08-01,891.7269530280317,351.99862403309595,1894.4028531887216,95,2021-08-01
ensemble,2021-08-02,1155.1281502873212,324.46068889319446,3040.6952975474755,95,2021-08-01
ensemble,2021-08-03,1207.5737446722699,266.3499744971098,3640.701602054415,95,2021-08-01
ensemble,2021-08-04,1242.803514240948,225.17431034644676,4167.495658782515,95,2021-08-01
ensemble,2021-08-05,1225.868511733662,182.23661505165083,4554.700899260741,95,2021-08-01
ensemble,2021-08-06,1199.7315304907079,149.00927431540967,4880.502790388339,95,2021-08-01
ensemble,2021-08-07,1123.0432951189869,120.35892675754191,4937.098824482918,95,2021-08-01
ensemble,2021-08-08,1259.7244419606945,106.30524930484772,6188.119574944533,95,2021-08-01
ensemble,2021-08-09,1585.5807452379431,101.0272875620022,8636.065748133018,95,2021-08-01
ensemble,2021-08-10,1644.5326086892344,86.1861633947272,9729.338428031417,95,2021-08-01
ensemble,2021-08-11,1656.0261829566703,73.37643240429774,10578.50180183011,95,2021-08-01
ensemble,2021-08-12,1660.7050384297283,62.41747745832007,11430.236561899406,95,2021-08-01
ensemble,2021-08-13,1643.5715746378933,52.951910850731984,12159.618388587085,95,2021-08-01
ensemble,2021-08-14,1557.3370203991126,44.48416690136689,12388.44517108956,95,2021-08-01
ensemble,2021-08-15,1627.365199184544,649.197415476413,3428.2757114870133,95,2021-08-15
ensemble,2021-08-16,2222.2309167859726,641.5145647654343,5785.7018654941385,95,2021-08-15
ensemble,2021-08-17,2334.0212849707154,526.8104573254863,7025.053743302082,95,2021-08-15
ensemble,2021-08-18,2400.2829192349554,437.6453846574579,8127.4039276764,95,2021-08-15
ensemble,2021-08-19,2444.769507645789,364.1504715113284,9209.429906263727,95,2021-08-15
ensemble,2021-08-20,2518.8124919841057,309.20940473392,10452.553253798256,95,2021-08-15
ensemble,2021-08-21,2389.0566307603895,241.983333473898,10835.239222487002,95,2021-08-15
ensemble,2021-08-22,2666.2124220718997,211.63073718737243,13675.840276495672,95,2021-08-15
ensemble,2021-08-23,3430.344872496862,215.9057373234461,19809.79338956519,95,2021-08-15
ensemble,2021-08-24,3538.6346886369283,180.77384891535368,22513.25951593997,95,2021-08-15
ensemble,2021-08-25,3699.8694840813805,157.19885607540388,25655.892119951222,95,2021-08-15
ensemble,2021-08-26,3744.688093342682,132.217693151673,28300.168594319413,95,2021-08-15
ensemble,2021-08-27,3862.538486659714,113.93672298932565,31709.91157094234,95,2021-08-15
ensemble,2021-08-28,3739.295108458378,91.95453342730885,33226.964210713995,95,2021-08-15
ensemble,2021-09-01,7888.318716012307,3151.389490182252,16565.059087148067,95,2021-09-01
ensemble,2021-09-02,8290.76016334614,2509.404157508473,20907.330780854514,95,2021-09-01
ensemble,2021-09-03,8112.992619147406,1966.3893347459934,23428.10986735937,95,2021-09-01
ensemble,2021-09-04,7623.832845359628,1482.5607467172345,24997.5291193888,95,2021-09-01
ensemble,2021-09-05,8209.886554366547,1341.0421030301768,29624.389437237474,95,2021-09-01
ensemble,2021-09-06,10355.130836365955,1458.0843856188642,40035.57125054727,95,2021-09-01
ensemble,2021-09-07,11041.401526402009,1325.680345399387,46368.04951535347,95,2021-09-01
ensemble,2021-09-08,11732.894327015843,1127.331497573174,55377.25968987723,95,2021-09-01
ensemble,2021-09-09,12198.140650631616,967.8486828882327,63705.3433959017,95,2021-09-01
ensemble,2021-09-10,12251.701291116367,811.8551232549545,70167.84597954468,95,2021-09-01
ensemble,2021-09-11,11835.869144181375,654.8470528757783,74837.59433002834,95,2021-09-01
ensemble,2021-09-12,12192.940603390383,578.6791914338966,82552.39478102203,95,2021-09-01
ensemble,2021-09-13,14910.892825159988,601.6723201310607,105827.63587592219,95,2021-09-01
ensemble,2021-09-14,15878.988418270215,552.8589313859942,121128.6700772456,95,2021-09-01
ensemble,2021-09-15,5115.744946513336,2082.7857004070993,10649.288490069894,95,2021-09-15
ensemble,2021-09-16,5175.279303502213,1610.363752368294,12801.047265877549,95,2021-09-15
ensemble,2021-09-17,5150.51710704858,1272.3178905121956,14659.482116490208,95,2021-09-15
ensemble,2021-09-18,4706.776012000897,943.6153054019386,15108.856242375183,95,2021-09-15
ensemble,2021-09-19,4938.485836997877,830.8873848409163,17412.379783457895,95,2021-09-15
ensemble,2021-09-20,6591.961241631216,926.987202210111,25300.065803746613,95,2021-09-15
ensemble,2021-09-21,6699.358121592069,799.7929631467806,27882.478099593704,95,2021-09-15
ensemble,2021-09-22,6958.226855456724,660.1024389298432,32334.393650695416,95,2021-09-15
ensemble,2021-09-23,7088.505389159527,559.775516000231,36168.28718511317,95,2021-09-15
ensemble,2021-09-24,6977.228743811795,463.18105020271696,38916.77196885923,95,2021-09-15
ensemble,2021-09-25,6612.059781489064,373.10704995565357,40407.290099785874,95,2021-09-15
ensemble,2021-09-26,6987.114274848038,334.10648092033057,45891.2405007892,95,2021-09-15
ensemble,2021-09-27,8791.158842945804,343.5007618239805,60993.78914719173,95,2021-09-15
ensemble,2021-09-28,9081.065803026646,304.3261706390097,67447.50352205566,95,2021-09-15
ensemble,2021-10-01,2438.660453640607,1004.3544071927333,5024.933834066161,95,2021-10-01
ensemble,2021-10-02,2261.3731570985815,693.9997268459658,5623.413662683439,95,2021-10-01
ensemble,2021-10-03,2430.3318433449795,598.2092602553078,6907.119292833532,95,2021-10-01
ensemble,2021-10-04,3171.9991145932718,638.2107063682166,10103.25837239587,95,2021-10-01
ensemble,2021-10-05,3323.917517274439,553.3149087451446,11729.985831809716,95,2021-10-01
ensemble,2021-10-06,3290.9835440090465,459.0149188272769,12738.763097611105,95,2021-10-01
ensemble,2021-10-07,3246.3330638164916,385.91873622062076,13640.626482776903,95,2021-10-01
ensemble,2021-10-08,3251.108812180339,308.43113930920606,15287.106828840631,95,2021-10-01
ensemble,2021-10-09,3088.3014917884657,240.41019783823486,16054.891544015205,95,2021-10-01
ensemble,2021-10-10,3316.0273143987433,215.5808402710765,18795.65505545729,95,2021-10-01
ensemble,2021-10-11,4190.101509252347,223.66917459007118,25619.666286382275,95,2021-10-01
ensemble,2021-10-12,4329.019941245221,194.28745444850225,28595.084764259984,95,2021-10-01
ensemble,2021-10-13,4365.007073447516,167.2625618804205,31045.95832681021,95,2021-10-01
ensemble,2021-10-14,4393.13015776133,146.1380985161989,33597.75642705267,95,2021-10-01
ensemble,2021-10-15,2718.380409228715,1141.0786542008652,5537.99385271159,95,2021-10-15
ensemble,2021-10-16,2673.9246353398185,837.2201064480325,6574.136310054025,95,2021-10-15
ensemble,2021-10-17,2790.213186468117,702.4252252285419,7830.178317490972,95,2021-10-15
ensemble,2021-10-18,3639.0796479343408,740.6495295393381,11521.274758957867,95,2021-10-15
ensemble,2021-10-19,3783.498472264654,640.2400548247714,13241.793055646547,95,2021-10-15
ensemble,2021-10-20,3843.13972746147,549.6253866876638,14694.798836979764,95,2021-10-15
ensemble,2021-10-21,3917.1418486790662,478.84072697140385,16235.742538104278,95,2021-10-15
ensemble,2021-10-22,3938.496058968216,385.7749526087807,18217.380448770225,95,2021-10-15
ensemble,2021-10-23,3897.770180303527,315.6858338408406,19890.11006177442,95,2021-10-15
ensemble,2021-10-24,4096.467449726115,277.83300865651466,22721.653639419623,95,2021-10-15
ensemble,2021-10-25,5171.014586925496,287.34097009822017,30905.643525053998,95,2021-10-15
ensemble,2021-10-26,5307.656629189687,250.0994356331659,34189.197339656865,95,2021-10-15
ensemble,2021-10-27,5462.82328894467,222.56613506805604,37836.904083370275,95,2021-10-15
ensemble,2021-10-28,5574.386155714325,197.28876687551673,41428.88608861751,95,2021-10-15
ensemble,2021-11-01,2627.7341170042528,994.3711415391051,5738.8551398953205,95,2021-11-01
ensemble,2021-11-02,2858.874225467169,887.2783216500791,7106.440880806569,95,2021-11-01
ensemble,2021-11-03,2900.084122849896,721.3831782760785,8217.989286801525,95,2021-11-01
ensemble,2021-11-04,2897.9985321551326,593.961221468462,9166.603959393029,95,2021-11-01
ensemble,2021-11-05,2910.624382798357,498.8010551828766,10145.467344800094,95,2021-11-01
ensemble,2021-11-06,2720.834190698725,390.16663480952656,10385.492442420647,95,2021-11-01
ensemble,2021-11-07,2913.378923740251,352.1142441521281,12150.242641719185,95,2021-11-01
ensemble,2021-11-08,3712.584002720839,344.8182663623763,17706.922963356305,95,2021-11-01
ensemble,2021-11-09,3833.5716647322806,289.96657837719636,20131.79833416827,95,2021-11-01
ensemble,2021-11-10,3940.1046815048467,247.53527044760335,22589.91182511874,95,2021-11-01
ensemble,2021-11-11,3960.1910035057645,208.79963097412698,24683.46855333618,95,2021-11-01
ensemble,2021-11-12,3877.8427186286635,171.82425475878742,26228.217225974462,95,2021-11-01
ensemble,2021-11-13,3708.5530849192874,139.52167966841697,27096.43797714657,95,2021-11-01
ensemble,2021-11-14,3997.191146294357,127.30819697371233,31590.670160476904,95,2021-11-01
ensemble,2021-11-15,3427.787167059268,1432.1959745760971,7033.2577191148785,95,2021-11-15
ensemble,2021-11-16,3484.207881703805,1115.2686188773387,8474.647601328947,95,2021-11-15
ensemble,2021-11-17,3544.875284544988,910.4855121682637,9844.482328850416,95,2021-11-15
ensemble,2021-11-18,3578.225689529635,756.0833578733772,11115.131660141555,95,2021-11-15
ensemble,2021-11-19,3547.11474508392,622.6249328967167,12194.572471901893,95,2021-11-15
ensemble,2021-11-20,3288.3956079613636,481.3865432569146,12403.817767270342,95,2021-11-15
ensemble,2021-11-21,3512.184245541852,434.4841000726965,14468.117090349499,95,2021-11-15
ensemble,2021-11-22,4636.315729081583,446.16271856535064,21740.976177505057,95,2021-11-15
ensemble,2021-11-23,4792.453573856328,376.8610422609116,24741.415029906013,95,2021-11-15
ensemble,2021-11-24,4909.855336500876,319.8835648504152,27722.359522298746,95,2021-11-15
ensemble,2021-11-25,4982.772168791153,271.8697713526311,30618.173122036267,95,2021-11-15
ensemble,2021-11-26,4964.051211332375,227.60026297713208,33116.68202017426,95,2021-11-15
ensemble,2021-11-27,4744.084465117133,182.71970458140115,34259.07386149686,95,2021-11-15
ensemble,2021-11-28,5063.61125003524,165.22928545589386,39569.158352404884,95,2021-11-15
ensemble,2021-12-01,3496.36899674086,1513.488746718103,6974.86234307261,95,2021-12-01
ensemble,2021-12-02,3443.415841559429,1145.5029920444642,8169.759532052183,95,2021-12-01
ensemble,2021-12-03,3431.1029023768506,909.4251677718552,9344.844950287219,95,2021-12-01
ensemble,2021-12-04,3209.680324618745,685.0556540437102,9868.381683912787,95,2021-12-01
ensemble,2021-12-05,3518.812139299109,624.9925038642438,11949.500353773163,95,2021-12-01
ensemble,2021-12-06,4586.333040206345,698.9800394422778,16978.77470495691,95,2021-12-01
ensemble,2021-12-07,4640.698947624297,600.2902161468581,18697.326922878776,95,2021-12-01
ensemble,2021-12-08,4791.575424275279,494.0880261574905,21628.688288264995,95,2021-12-01
ensemble,2021-12-09,4809.633369835823,407.4899591812607,23914.3378544735,95,2021-12-01
ensemble,2021-12-10,4869.390702613686,341.54849980793745,26526.484961017926,95,2021-12-01
ensemble,2021-12-11,4684.130658326395,270.6671990210791,27914.424048961002,95,2021-12-01
ensemble,2021-12-12,4982.784999304311,244.32049686296264,32116.552360276626,95,2021-12-01
ensemble,2021-12-13,6340.66289234267,267.7349818137092,43922.50505718265,95,2021-12-01
ensemble,2021-12-14,6350.677223652641,228.2425397024177,47407.03414951149,95,2021-12-01
ensemble,2021-12-15,6850.54086201712,2986.7808744960257,13598.745412966498,95,2021-12-15
ensemble,2021-12-16,7047.38993566888,2362.6465813268837,16658.314520485532,95,2021-12-15
ensemble,2021-12-17,6976.32924337021,1878.2022867660648,18870.65925104115,95,2021-12-15
ensemble,2021-12-18,6535.264757276433,1427.3949507380141,19936.44549942736,95,2021-12-15
ensemble,2021-12-19,7196.594021410413,1325.7254931820319,24141.977572931082,95,2021-12-15
ensemble,2021-12-20,9529.071544298078,1533.3655695371215,34311.109985454124,95,2021-12-15
ensemble,2021-12-21,10079.746334822401,1393.4980182598356,39334.05442323223,95,2021-12-15
ensemble,2021-12-22,10673.779702472533,1190.8151000688977,46630.027540626725,95,2021-12-15
ensemble,2021-12-23,10949.960351379388,1016.2340434714604,52693.81542269554,95,2021-12-15
ensemble,2021-12-24,11014.460216770434,859.1409025326031,58007.71481790411,95,2021-12-15
ensemble,2021-12-25,10645.157102210967,694.3683343896104,61566.39830014751,95,2021-12-15
ensemble,2021-12-26,11456.130733152453,646.3385082974654,71104.71373678943,95,2021-12-15
ensemble,2021-12-27,14412.146206934665,713.4515340407282,93549.45568871316,95,2021-12-15
ensemble,2021-12-28,15262.572543816392,656.4245353159184,106437.15246457934,95,2021-12-15
ensemble,2022-01-01,16170.039555351184,7086.629114784502,31993.217455483595,95,2022-01-01
ensemble,2022-01-02,18978.64369022793,6435.642640850798,44455.35340976571,95,2022-01-01
ensemble,2022-01-03,27939.809796173773,7489.3118865079005,75413.29622243211,95,2022-01-01
ensemble,2022-01-04,30053.103367127733,6695.080140155303,90380.44730097504,95,2022-01-01
ensemble,2022-01-05,32555.2278629398,6097.333297822579,107916.92762167151,95,2022-01-01
ensemble,2022-01-06,32961.33161818235,5229.202461371444,119481.5977509206,95,2022-01-01
ensemble,2022-01-07,31262.879807974896,4229.525396601259,123158.4248817019,95,2022-01-01
ensemble,2022-01-08,28479.92566652788,3080.699316586271,125620.45489913537,95,2022-01-01
ensemble,2022-01-09,33197.89839506488,2962.5331149325702,160984.11194754776,95,2022-01-01
ensemble,2022-01-10,46463.61787551331,3372.6721038733913,246660.56385425717,95,2022-01-01
ensemble,2022-01-11,49240.8207220919,3018.1413380778504,283629.3387696186,95,2022-01-01
ensemble,2022-01-12,52764.6760835146,2754.513572863665,328654.1865955172,95,2022-01-01
ensemble,2022-01-13,53176.766712362536,2375.7958770590567,357229.02834085375,95,2022-01-01
ensemble,2022-01-14,52247.40675256624,2005.7964257432998,377634.50439143647,95,2022-01-01
ensemble,2022-01-15,5706.742293510621,2511.127290772584,11257.638606002476,95,2022-01-15
ensemble,2022-01-16,6796.7140214682,2320.9531978813266,15856.141214330224,95,2022-01-15
ensemble,2022-01-17,8671.804881381628,2277.591989260884,23639.676100120163,95,2022-01-15
ensemble,2022-01-18,8761.510115890682,1900.0457457427615,26581.999154472072,95,2022-01-15
ensemble,2022-01-19,9033.40021873208,1659.016235397515,29985.678371435755,95,2022-01-15
ensemble,2022-01-20,8609.697301880147,1356.1171808016536,30996.43948795666,95,2022-01-15
ensemble,2022-01-21,8116.64621528856,1105.6783795389356,31497.595630673397,95,2022-01-15
ensemble,2022-01-22,7490.90726054568,838.3417176234793,32084.59819804418,95,2022-01-15
ensemble,2022-01-23,8484.657336745047,774.9134725903448,39714.58889555758,95,2022-01-15
ensemble,2022-01-24,10704.939255962858,735.8587512532198,55077.13274940409,95,2022-01-15
ensemble,2022-01-25,10863.822854337934,631.3476556496115,59982.86796934656,95,2022-01-15
ensemble,2022-01-26,11147.855445231951,556.289578243977,65791.51138537657,95,2022-01-15
ensemble,2022-01-27,10929.536903917748,482.66013119324975,68707.77750575886,95,2022-01-15
ensemble,2022-01-28,10580.231650645095,413.3913498511777,70849.53863311869,95,2022-01-15
ensemble,2022-02-01,9083.990184371818,4013.6894094366535,17888.801181270097,95,2022-02-01
ensemble,2022-02-02,9346.139133801806,3232.2730185786704,21580.556951436287,95,2022-02-01
ensemble,2022-02-03,9039.971030560979,2548.228338941144,23703.137965319464,95,2022-02-01
ensemble,2022-02-04,8920.69516564448,2090.4085796251215,26159.91635989488,95,2022-02-01
ensemble,2022-02-05,8310.47273040753,1615.5338909496415,27136.46933542836,95,2022-02-01
ensemble,2022-02-06,9583.4880301307,1594.4803626365958,33989.01767097767,95,2022-02-01
ensemble,2022-02-07,11905.598498778461,1707.6489840990243,45396.91851663705,95,2022-02-01
ensemble,2022-02-08,12190.831784046253,1397.45493843432,51998.22583652857,95,2022-02-01
ensemble,2022-02-09,12676.44296821695,1202.5296459026692,59347.756513934364,95,2022-02-01
ensemble,2022-02-10,12472.309045487458,994.220498774221,63788.56013947606,95,2022-02-01
ensemble,2022-02-11,12499.768079955118,843.2046379877548,69724.6169289912,95,2022-02-01
ensemble,2022-02-12,11855.25033095049,673.2492698194086,72256.70607373619,95,2022-02-01
ensemble,2022-02-13,13355.477642964514,651.7208353777547,87246.91436368694,95,2022-02-01
ensemble,2022-02-14,16241.108075983575,674.4339076153448,112685.92762633598,95,2022-02-01
ensemble,2022-02-15,8314.453970331506,3716.2877371027926,16230.03270256885,95,2022-02-15
ensemble,2022-02-16,8489.82985143401,2981.992110659819,19444.17319122348,95,2022-02-15
ensemble,2022-02-17,8153.438249827316,2332.9204279377773,21241.897504434924,95,2022-02-15
ensemble,2022-02-18,7808.307152614631,1854.26160859442,22740.547129896044,95,2022-02-15
ensemble,2022-02-19,7391.290784742603,1450.5215364819524,24011.86892650213,95,2022-02-15
ensemble,2022-02-20,8233.236040114634,1392.290490049957,28944.096914986007,95,2022-02-15
ensemble,2022-02-21,10223.631438785475,1494.4259493151394,38623.36847888938,95,2022-02-15
ensemble,2022-02-22,10813.056860163959,1269.0886866124558,45707.42840799139,95,2022-02-15
ensemble,2022-02-23,11177.749175342553,1087.4492379995343,51887.96366615266,95,2022-02-15
ensemble,2022-02-24,10953.248565041387,893.9185804778112,55606.07829136258,95,2022-02-15
ensemble,2022-02-25,10801.35239634043,743.3449104072048,59793.623183339965,95,2022-02-15
ensemble,2022-02-26,10394.948753499913,598.4892871891595,62945.34780844642,95,2022-02-15
ensemble,2022-02-27,11485.544366504688,570.5470408831828,74443.97740288323,95,2022-02-15
ensemble,2022-02-28,13770.80630811918,587.2177486515698,94687.55884929979,95,2022-02-15
ensemble,2022-03-01,9470.051851461914,4263.74556737416,18394.568350367077,95,2022-03-01
ensemble,2022-03-02,9699.341211039151,3436.9181945803593,22080.056592803507,95,2022-03-01
ensemble,2022-03-03,9368.492510336342,2711.1618221615663,24225.766038457205,95,2022-03-01
ensemble,2022-03-04,9173.649503433982,2207.8238164707495,26519.01129519205,95,2022-03-01
ensemble,2022-03-05,8710.547912943835,1739.0079107434192,28034.42027554391,95,2022-03-01
ensemble,2022-03-06,9858.496818590582,1693.7492522454895,34372.57679692277,95,2022-03-01
ensemble,2022-03-07,12405.081491260846,1851.621771643994,46415.70660179187,95,2022-03-01
ensemble,2022-03-08,12829.183015900495,1536.956406314102,53704.59925208434,95,2022-03-01
ensemble,2022-03-09,13293.352073032462,1322.1566497609963,61066.48807577454,95,2022-03-01
ensemble,2022-03-10,13103.703803108041,1095.0711957133656,65791.09677841622,95,2022-03-01
ensemble,2022-03-11,13104.983902478747,924.7775149945671,71742.24977711285,95,2022-03-01
ensemble,2022-03-12,12681.70843711507,750.3272326488716,75865.36207297744,95,2022-03-01
ensemble,2022-03-13,14110.670943783778,721.237482406685,90312.98844223512,95,2022-03-01
ensemble,2022-03-14,17240.197334774686,761.0992728576332,117060.83027813639,95,2022-03-01
ensemble,2022-03-15,16282.339952425204,7386.061550951885,31460.817058889275,95,2022-03-15
ensemble,2022-03-16,16894.965927885638,6040.29944767412,38259.93537240316,95,2022-03-15
ensemble,2022-03-17,16659.086269526226,4864.901547623611,42890.690620920584,95,2022-03-15
ensemble,2022-03-18,16175.614145704869,3929.552318949141,46487.78715803241,95,2022-03-15
ensemble,2022-03-19,15679.787843754732,3167.8816662840104,50074.913045980684,95,2022-03-15
ensemble,2022-03-20,18039.472522205277,3143.538239580497,62363.77215015902,95,2022-03-15
ensemble,2022-03-21,22118.276842042418,3345.0933983982936,82162.04921481779,95,2022-03-15
ensemble,2022-03-22,23324.332899271743,2832.079012011834,96937.71907340296,95,2022-03-15
ensemble,2022-03-23,24444.529940569588,2470.145966707769,111403.01827860593,95,2022-03-15
ensemble,2022-03-24,24357.656119113526,2072.303809036187,121229.38805044004,95,2022-03-15
ensemble,2022-03-25,24258.271702987146,1746.9959615292967,131360.77340093453,95,2022-03-15
ensemble,2022-03-26,23592.200552130234,1435.418367748497,139108.40482154855,95,2022-03-15
ensemble,2022-03-27,26623.83662554915,1399.5156079421017,167839.85295522836,95,2022-03-15
ensemble,2022-03-28,31804.91474614547,1433.1092931583926,212967.88641896273,95,2022-03-15
ensemble,2022-03-29,10254.424846352076,4671.292538966376,19766.374406883468,95,2022-03-29
ensemble,2022-03-30,10410.652655409882,3750.0327846723044,23421.07684437984,95,2022-03-29
ensemble,2022-03-31,10018.373303733177,2965.662548075866,25514.927603389297,95,2022-03-29
ensemble,2022-04-01,9611.420498536158,2382.1308511289776,27269.78352304231,95,2022-03-29
ensemble,2022-04-02,8934.82371028712,1867.6438861288627,28024.255718675453,95,2022-03-29
ensemble,2022-04-03,9823.608739076124,1766.3173251121598,33365.87753534257,95,2022-03-29
ensemble,2022-04-04,12225.706072110272,1878.3824479828313,44868.255585818944,95,2022-03-29
ensemble,2022-04-05,12562.155530687342,1550.0417674418597,51428.47378177188,95,2022-03-29
ensemble,2022-04-06,12938.444523001837,1329.458461842541,57986.17730601984,95,2022-03-29
ensemble,2022-04-07,12749.781308182439,1110.5686076415832,62265.69701420706,95,2022-03-29
ensemble,2022-04-08,12455.648441760617,924.3355178470131,66083.46969718504,95,2022-03-29
ensemble,2022-04-09,11860.553092902934,751.9878479841215,68401.41342171919,95,2022-03-29
ensemble,2022-04-10,12941.283840062666,703.875295743348,79843.94591747147,95,2022-03-29
ensemble,2022-04-11,15696.109384418744,719.5904184795705,103163.4528106653,95,2022-03-29
